Adams-Smith, J. K.          ao'malley@company.com
Black, Thomas Jacob         tblack@company.com
Jones, Joe Bob, III         jjones@company.com
Lincoln Larry               ilincoln larry@company.com
Morgan, J. P                jmorgan@company.com
O'Hara, Albert Douglas      ao'hara@company.com
O'Malley, Alexis R.         ao'malley@company.com
Stout, J. Fred, Jr.         jstout@company.com
WHITE, JACK                 jwhite@company.com
WILLIAMS, MARY MARGARET     mwilliams@company.com
White, John Anthony         jwhite@company.com
black, jack                 jblack@company.com
james, jessie               jjames@company.com
mAlIk, d. s.                dmalik@company.com
